{"cameraMode":{"drawMode":0,"name":"Shaded","section":"Shading Mode"},"sceneLighting":true,"audioPlay":false,"sceneViewState":{"m_AlwaysRefresh":false,"showFog":true,"showSkybox":true,"showFlares":true,"showImageEffects":true,"showParticleSystems":true,"showVisualEffectGraphs":true,"m_FxEnabled":true},"in2DMode":false,"pivot":{"x":7.568530559539795,"y":0.1673259735107422,"z":3.8888721466064455},"rotation":{"x":-0.23317568004131318,"y":-0.060636844485998157,"z":0.01456978265196085,"w":-0.9704333543777466},"size":11.31680965423584,"orthographic":false}